pid,prolificId
P001,3443dev_participant
P002,5aad4225811b2000016f6ed1
P003,5b94fffdaa1729000192a770
P004,5d42cf5669717700013c822f
P005,5eaf3e142627076426921b1b
P006,5ece74b876016723f3aa9b13
P007,5ece74b876016723f3aa9b1366565
P008,5ece74b876016723f3aa9b13878yt8
P009,5ece74b876016723f3aa9b13fdsf
P010,5ece74b876016723f3aa9b13ttyt
P011,5efd2d68e921d21715e2ad38
P012,5f06eefaf3fc742667b4e79d
P013,5f3bea0ce3bf58978b8978a6
P014,6129dca465e41b5ae1b262da
P015,612aad0cb69fa8ecd2f6edd8
P016,615ebee41627a65c85ccb4b6
P017,616033a44ba802b7e18daaa9
P018,64565654
P019,659c0682d109f8537a89fdd3
P020,65f650bc80653ddbcb45e6a5
P021,6666a596046b0de2fab51dd7
P022,666d92377e3607bbf08ce90f
P023,6678641343dea20a0ac43a02
P024,66880186d4635804ab560862
P025,668948075fca03e75406147f
P026,66928067261ded863ece488a
P027,66b2d01b9b45b212763123f7
P028,66b8b996ba8542d9cbd3f5a3
P029,66bee53cfe67b3e6342cb2ba
P030,66ed3470848a6d95128ef46e
P031,6720d6477f0dcbcebca3d6b9
P032,6745d61c85294c5d2ed6bd5a
P033,677032c3d1b8c0c020f8cd05
P034,677f7db201e76b344312e2bc
P035,678626e201ee6e1c46ce14a5
P036,67c2a258878f52578c900b89
P037,67ca953978a3d323ac474a3b
P038,67dae998d8f2cfb8a8e3bf03
P039,67e074f58a5ea7d9897f3223
P040,6924e06e6d7ae73bf3a46d1f
P041,692d6696017be73804dccd62
P042,697c22b0d791500eab3ba84f
P043,69807567eb81121725943cb6
P044,698078075d3326e1b30bd1c3
P045,69807c1bd32263ea499f148a
P046,69808dc8bf8f451969f94eeb
P047,6980aaf81e9e55110e09a0be
P048,6980af677f354d61464c3d0e
P049,6980c5902273a0acf918ced1
P050,698255449bd7328c5ea958d9
P051,69826a7388a6fddffdc8d757
P052,69827629ddf2f00058962a5c
P053,698350e995dad954ab02fd5d
P054,6983a486087669a7b57872b4
P055,6984840e0bc6423e5ee5114a
P056,698a52bb04d533f991ae6e9e
P057,698e5461d72a0b9a133b379a
P058,699ed880e317675908dc309b
P059,699f134d7a5cda410bd5e6bb
P060,69a50d29b53acc0ed832d33f
P061,69a9a810c05c0c70aa3fa0de
P062,69ab62b5d67a8a365b4422dc
P063,69acd0f0ccfb38ea0abedc29
P064,69aec0c1b1e23fadadf6b62f
P065,69aeee44187fdda005ab835b
P066,69b4cf102ef5cc7188c4616d
P067,69d648d33057d63617173b85
P068,69e9e1b15e41b908dc63323d
P069,69ebdce97dc61100ed07e6e7
P070,69f233352d7986fe3fbdede8
P071,69f23d475d7d045f5cb57993
P072,69fd3605435216c2d93bc72f
P073,6a0b23f183c91f11588f9713
P074,6a0c5d35ab86f12c44875ea0
P075,6a0f1f0db1d94924a49ad680
P076,6a17ef7a42d9430a6ce702b3
P077,6a18010ed2acf763e2b5e2d0
P078,6a1c761ba3d26f4e75498200
P079,6a20840abc355bbde3134fd0
P080,6a219b748c8d556504dc8144
P081,6a251f3b0d3c0dbbb9d260c2
P082,6a33b09ff82320e683ac7afa
P083,6a3bca9db9b914cd457a8931
P084,9995eaf3e142627076426921b1b
P085,Mtestcat
P086,Tffg
P087,Wert
P088,_5ece74b876016723f3aa9b13
P089,dev_participant
P090,dev_participant1
P091,dev_participant11
P092,dev_participant12
P093,dev_participant34
P094,dev_participant44
P095,dev_participant45
P096,dev_participant56
P097,dev_participant64764
P098,dev_participant66
P099,dev_participant67
P100,dev_participant7657
P101,dev_participant77
P102,dev_participant78
P103,dev_participant88
P104,dev_participant89
P105,dev_participant98
P106,dev_participant99
P107,dev_participantXYZ
P108,dev_participantdasfd
P109,dev_participantdfhdg
P110,dev_participantereqr
P111,dev_participanteyte
P112,dev_participantfdsfadf
P113,dev_participantfdsfdaf
P114,dev_participantfwdfdsg
P115,dev_participantgdfsg
P116,dev_participantgfstgsfg
P117,dev_participantgyte
P118,dev_participanthgdhgd
P119,dev_participantjghjgf
P120,dev_participantrewre
P121,dev_participantreyr
P122,dev_participantrwttrw
P123,dev_participanttretr
P124,dev_participanttrwt
P125,dev_participantty
P126,dev_participantuyrur
P127,dev_participantuyruy
P128,dev_participantvcfsg
P129,dev_participantw12
P130,dev_participantwrtrew
P131,dev_participantyt754764
P132,dev_participantytry
P133,dev_participantyyyuytu
P134,dfadfdev_participant
P135,fdafaf
P136,g
P137,hello
P138,m
P139,newTest
P140,rewre
P141,round1_lstr442432
P142,rtrwtrw
P143,rwere
P144,rwtrwt5ece74b876016723f3aa9b13
P145,test12443243
P146,testClear
P147,testD
P148,testDDDD
P149,testInternalD
P150,testTestAAAAA
P151,testing
P152,testing-D
P153,yetytytytru
P154,yruyu
P155,ytyet
P156,44253dev_participant
P157,5eaf3e142627076426921b1b5677889
P158,5eaf3e142627076426921b1bbjjj
P159,5eaf3e142627076426921b1bfgg
P160,5eaf3e142627076426921b1bghju
P161,5eaf3e142627076426921b1bhhj
P162,5eaf3e142627076426921b1bhhjj
P163,5eaf3e142627076426921b1bhik
P164,5eaf3e142627076426921b1bhio
P165,5eaf3e142627076426921b1bhjh
P166,5eaf3e142627076426921b1bhjj
P167,5eaf3e142627076426921b1bioo
P168,5eaf3e142627076426921b1bjjbbb
P169,5eaf3e142627076426921b1bjjh
P170,5eaf3e142627076426921b1bjjj
P171,5eaf3e142627076426921b1bjjk
P172,5eaf3e142627076426921b1btujb
P173,5eaf3e142627076426921b1buioo
P174,5eaf3e142627076426921b1bujj
P175,dev_participant1243243
P176,dev_participant13
P177,dev_participant21
P178,dev_participant35546
P179,dev_participant432431
P180,dev_participant4343
P181,dev_participant43545
P182,dev_participant4444
P183,dev_participant53653
P184,dev_participant564
P185,dev_participant653653
P186,dev_participant654653
P187,dev_participant654654
P188,dev_participant6565
P189,dev_participant676576
P190,dev_participant67678
P191,dev_participant689869
P192,dev_participant76756
P193,dev_participant76i8
P194,dev_participant87687
P195,dev_participanterwtr
P196,dev_participantewrewe
P197,dev_participantfwrt
P198,dev_participantgegrw
P199,dev_participantgrhteh
P200,dev_participantrt546
P201,dev_participantrtwtrw
P202,dev_participantrwtr
P203,dev_participantrwtwret
P204,dev_participanttret
P205,dev_participantu76
P206,dev_participantytryet
P207,ydev_participant
P208,5eaf3e14262707
P209,5eaf3e1426270764
P210,5eaf3e1426270764269
P211,5eaf3e142627076426921
P212,5eaf3e142627076426921b1biuj
P213,5eaf3e142627076426921b1bjjhh
P214,5eaf3e142627076426921b1brrf
P215,5eaf3e142627076426921b1brrtt
P216,5eaf3e142627076426921b1buuhh
P217,5eaf3e142627076426921ji
P218,5eaf3e1426270764269hhh
P219,5eaf3e1426270764269jk
P220,5eaf3e1426270764269uio
P221,5eaf3e142627076426huu
P222,5eaf3e142627076426uo
P223,5eaf3e1426270764hhk
P224,5eaf3e1426270764yy
P225,5eaf3e142627076jj
P226,5eaf3e14262707kk
P227,5eaf3e142627076
P228,5eaf3e142627076426921b1bhgxfgccr
P229,5eaf3e142627076426921b1bhhh
P230,5eaf3e142627076426921b1bhhhyuugfrr
P231,5eaf3e142627076426921b1bhj
P232,5eaf3e142627076426921b1bhuhh
P233,5eaf3e142627076426921b1bhx try hncx
P234,5eaf3e142627076426921b1bjk
P235,5eaf3e142627076426921b1bjo
P236,5eaf3e142627076426921b1bnjj
P237,5eaf3e1426270764269gyuy
P238,60671cbc371ab2a550043bc6
P239,664e47ab15b1ab53db8c6676
P240,66ac06020347cd9ba2513744
P241,66c9efce03794720af423f39
P242,670b7506a4fb15685a9048e4
P243,68c835d056de62062e18aba2
P244,697aa505cc65db8118db0de8
P245,697d03919f1cbdf87eeab1bc
P246,697f18edd9acf5df34f3e171
P247,69809b4956d7129d4b119b43
P248,6980b37761737090ad122e6f
P249,6981f7d6d088df9f637eb623
P250,699649ca29693beb046ac2d8
P251,6999e51f75dcaa59970ddd2b
P252,69a18a94e1f3d98b0a0f7779
P253,69a7048762f2aacbfb3c2f02
P254,69b0587635892783c3d5a9a3
P255,69c55b66d8ade7f9bd6109d6
P256,6a0252dc959d360ed8448c2f
P257,6a08b13c2a04855d83b2ebf0
P258,6a0f34801a79b66836a52e50
P259,6a7b067dad318df0dfab0de7
P260,66783a069dc29fa9467adadb
P261,69efe9aab00d9ecb11911b34
P262,69fbc3bece087d8c93abd3db
P263,592037296b34af0001e3ec56
P264,5b70252c99982e000145ccf7
P265,5f07dba182caac000c48bc84
P266,5f9765e68112f6137e06db5d
P267,6091d92d49af9298af3007d5
P268,60cee4ec871f36088fe20ff3
P269,60f49bc8ed8976b9448e3730
P270,611cef2658a262a018829246
P271,613a6a2789252564e87e33b8
P272,6672e6b02916e61a88d5aa27
P273,66912a96b8dba143ceba8276
P274,669eb709554e753adddffe01
P275,6838710379637c873fad03c8
P276,683e151e5afaf0c674fbc9c9
P277,6951d6fd93f50ed0e6363eba
P278,696ba5b565c7378f1a70452a
P279,697a4cfcf85e8d874a96481d
P280,697a617c5a65b0190b2fd918
P281,6980777d1764f8e549b18d3e
P282,698082f6dfbf6cd0a3d6584b
P283,6984372c92d272b09584dc30
P284,698c94b5f2fc51fb731b1515
P285,698dedf17ec307ec8519bc0f
P286,69ca0d6c15320ea8c68b3f67
P287,69e8f515ddc16d9db852076f
P288,69ef99a65d19811a9ddad38b
P289,69f51ac40b8325daeec5b518
P290,69ff14a9f746a9d2108f74d0
P291,69ffafbbb667f46e202930aa
P292,6a0329b483b7cb1ca6763ffe
P293,6a04044424d53127d1057349
P294,6a08dbc70f88fa516082241a
P295,6a2552e352a148f1e4621f64
P296,6a281beac9ca6b67f26af66d
P297,6a4395a81fed13bab18d322c
P298,6a5e7d8196fb9ca60d504ab0
P299,6a74e336a617e83c7d5cba7e
P300,6a750b0d097cec2c3a1551a8
P301,5eaf3e142627076426921b1btujvbugvh
P302,5eaf3e142627076426921b1buijj
P303,60b6c11e2d8233a14e97ccd9
P304,6120ec5f9705e01665ca1cbd
P305,67d176d43a49e93492696734
P306,6978e72dd38c6fdc769b755f
P307,697a691743f20dcc3d0d6ec6
P308,697a7935484b9b22a05fe3b6
P309,697ce8fe390fd83be128a978
P310,69809353e7160fab7113b193
P311,6980c16f9985e39f6bcbbe3a
P312,6981128082d28d2191154253
P313,6982598ecf7a9efc1e1adb27
P314,6983acb70b8e52f3f3412dea
P315,6989c6281b94b7d89c9123a6
P316,698a3e1628272094bfef2f00
P317,6993a5817551e71d776cd0f6
P318,6998a16a9147ebdebf871a82
P319,6998d5f083cfca420f122e35
P320,699c7585ca22df8b1bf087fe
P321,699f3562ac4dd61a1bb9258d
P322,69a98445f204cb9c70a5d3cc
P323,69aae063e513f5518031a19e
P324,69b8256fb71eb6c47390b5a9
P325,69bc58df28cbddd60a341a03
P326,69fcdb6a16983a805bcd5866
P327,6a025e64ec4f86ceba876b4b
P328,6a1577f0d5b40dd637e264e5
P329,6a17125e2d545faae180ff81
P330,6a260bad570908e6ed3b6f2a
P331,6a506d8b428d4df38e02fe00
P332,dev_participant123434
P333,673ef66c5229b94eda308a4f
P334,67d014450488628259ce02f7
P335,6986cba3e8ebc723b0882887
P336,5f74f14f724b3414b03d8b34
P337,60a6dd8779e3de1097e5d50a
P338,614386aaad55b05aa5c7767e
P339,652bfffd086dd362bc297eb8
P340,664b39a514629fd211fd92dc
P341,6651fc4a649b5bb421a835a2
P342,6655ebfe7ae504e7ac8a35d7
P343,667a18b6a5ac2521df738cdf
P344,672366eaebfd3ad40bfc255c
P345,6729eb175c43f39f51d452e7
P346,67f91424b689f8570541321c
P347,68fcac2d6b61e550aeeab425
P348,6980982c3f7f665722884a1a
P349,6980b6d82b2f43ad3843276a
P350,6980c12adfdbdbf1e14f4eea
P351,698108404d737ae8dbb46561
P352,698112a1691ebf2a9a953704
P353,698138565bd9d4728a0a2e04
P354,698260cfb07eef42e5c8da90
P355,6983baa6c928806f6ce2cb35
P356,698a59e2d5bf89d8f5d69393
P357,698e27c1c91d2bad326a38bd
P358,6997527b0c74c5a68d282188
P359,69a1a0ea10a7df83e3887c25
P360,69ab33b045724d972faebb47
P361,69e9444907c034bc41d4bc1a
P362,69f54b53dce8f02e78afa6b2
P363,69f794baa15861dc2fa97985
P364,6a0c6cb0ba0a1e1755d82e28
P365,6a2276ae9b9bff59ea37862f
P366,6a2dd693a7013686f56e5b2c
P367,6a4baa9b9d2c655aef56c8bd
P368,6a4d0ce0e83ec406373cc53f
P369,6a4f8fa2a4f55151ab3b556c
P370,5f69a3c91c1e25193e3f9c7b
P371,60e9f29fe1f58945339696d0
P372,60ee0a655b232159b7abcbbd
P373,60f801efc0846c47e4e755e6
P374,641e62a8191451d08e6c08f7
P375,653129416eb74adb10bb7c42
P376,65831b61359b808abaac0271
P377,66311bae532a469f4858933e
P378,667d636dc87cc34e11ae6a34
P379,6687c80aab75245843b3f226
P380,66daed4c64c8a7ff4de12537
P381,6738aada58a53a1c3c1dcbb1
P382,673bf98fb59b6d9e50a9080c
P383,67cea841046ca74e2069ae47
P384,67eb715fe49a4db63628edd2
P385,6824a47c4ce8eba0b759b059
P386,68c91cf657e369ac5e1a5663
P387,68d6b13d34f00bca21bdb5fa
P388,6975581b7e0bfe0c6be50fe0
P389,6977c5c8548622dd4556a697
P390,697c1e118cb83b83e25e9f23
P391,697cb81703a121ace4dbb89c
P392,69807546653a78f70f7319b9
P393,6980dcc1fee5670e573354f1
P394,6980f2f8e8d33a873cf0491d
P395,698119def2a23d22dac3df09
P396,69813905f71215f35bace3c3
P397,6981b978648da1b4f5715758
P398,69823620770924014e86cf01
P399,6982e0fb36b5061e15b90200
P400,69a0584febb8102a86c2e098
P401,69a17c7edb61f9dcdd9016bb
P402,69a1f4802fe246872d56bd4d
P403,69a7052a8ee290e7a5fb92f4
P404,69ab73e18d186d5aefe45bd3
P405,69b7066821134c0b0e890738
P406,69c2a1ca204d43b99f204424
P407,69eb7d87cadf3f1a0cc45cda
P408,69f0873f32265074053d1f5e
P409,69f9aff0d2852ed04bf7ae3c
P410,69f9f6a2b1833173e4304546
P411,69ffbab2c0b1d4f791e2b3f7
P412,6a04b666837ab536fbc6e46b
P413,6a11f8c34b01f766d99aab8a
P414,6a17bafd1af923e2679319e2
P415,6a424de05ac728012a4818e2
P416,6a4d02b025650c5ad20ef971
P417,6a6b20caaac0c622121d38f0
P418,6a7678b5b5a4ada11a252060
P419,5edaad87f5dc716eeda6ff53
P420,5f625539ecec8c13b04d83e3
P421,60969f2e675df62d497647c2
P422,60ca3966756ccf9bd8ef79b4
P423,60e6b55696dade249aa3249b
P424,60f19a691466276fe085b461
P425,61119ffbc8e1ef90d29bf6cd
P426,612033478ca9128eb7529ed1
P427,61477f7f2972b148428d82ba
P428,65b901e65cee5e1f493a2fe1
P429,65e6f4d668bfc2134b26348e
P430,65fa79e73db12a036088071d
P431,66478563c5e9956d131acb9b
P432,6658beae5669d166e3c15990
P433,668c85e64087cb09c49ad616
P434,6690ba53a31c065ee674e3b7
P435,6697c8b6d9d7baa7edd8c4d3
P436,66a7c31eee1bc097fe3746ad
P437,66c3030545e4f44aebf477b7
P438,66c396c3a9e2dc95656812be
P439,66cd4cbfd950a611854c88b4
P440,6712a25e0613a643a0eefd67
P441,671b0b2f5b089acd46688b9c
P442,671c1c699ca32031a83014e8
P443,67269f439696d166fbb74e09
P444,6728a33bf6aa750798eb8088
P445,673456576eeedddcfe239b12
P446,677d185800ab83d1b0185d82
P447,67bddb4dc373c61805e2cfd2
P448,67d0085d869f56bc67682aa7
P449,67d0555b3ba63bc7d7d9af1d
P450,67d08d8bfb1d7900834824f7
P451,67d2eaf9d5996dc6be1c7072
P452,67e45e2d59b1494f02e7f164
P453,67f133dcba790167d0027963
P454,67f7afb8378332dbb073d64f
P455,67fa3245b42abcbfeeb39499
P456,6834612d50f195c06afd2f95
P457,68d41809c9995f7c67d8b96c
P458,68e5432c18ddae23abdce326
P459,6934d15f5d001b383f9366a9
P460,697a660745ce3b271e1c9531
P461,697ba6326a558b4db48eb357
P462,697cab6e74f88b1bea6a25c8
P463,697f04393adf6b527472de1e
P464,69828c97bbed0cf9358a4c61
P465,69832b5614f96e8ad9447a72
P466,69835401816ad44686c7a745
P467,6983594e1abc259f3b26086e
P468,69851e30f2475600637eb1e0
P469,69867e57a70df0709c0f2cfa
P470,6988a3221f275352357495c0
P471,698c298f6c436fbe6e341779
P472,698fa4cbd910a18696a333ad
P473,69918d51a9ae43fa7130f169
P474,69a93891b30efc63e94a82f9
P475,69aae1bbec5da00b20acf494
P476,69bbe13bdb78ed30b67655e6
P477,69e29bc26d16b8e15c273a79
P478,69f349141b7a57cdd52b671c
P479,69ff28e6a69c08d18bf39e87
P480,6a00d9031edd8554ba4f83d4
P481,6a07428cb63be1bd762cc14b
P482,6a36cbc11e3c48cad00a7ecf
P483,6a3a2e07edb21930f6ce2b5d
P484,6a7303475a5f9c6e1aaa6ed9
P485,kk
P486,5ff9bc8b4abfd72e9adba7fc
P487,60d1cd727ab62d8f978d8cf7
P488,60d8c904ef809b7eb0c751b4
P489,60e282f9202a8126e2ea0315
P490,60e46e6f6bc0c2cdf5d077ce
P491,61506fd13081787b0d798cc0
P492,61515f10750c3da8d4bfdabf
P493,6162fc52fa68079d28dc5be9
P494,64ef3ff5e12b10629071007c
P495,65e47142265c50fcd9e87278
P496,65fbe33d38ea0e3701414b61
P497,660eafee7515c432e850362d
P498,665c74c0a74cc37cc0299d7c
P499,667b1ca693a1d52a0447f22f
P500,667fceb84cf8fb19b00e324b
P501,6693cab538527f112e316e9d
P502,66967b12b71634533c3138ea
P503,66977f10b79820806f993c71
P504,669bd6c4234af70d89c1009c
P505,66ab569b6408e2a815dc5ad2
P506,66cf43db332889da5054c9e8
P507,6717b8cadcd1662883d165f8
P508,67343448841a340e23186e10
P509,673c3cbd2f554dedb25d433c
P510,673f94e3d073ea0abf9838fa
P511,67584d24e5f7a4c59f3cc8c2
P512,6790e119760887e0183e64f5
P513,67ad67dd272b77f83fb73f18
P514,67adcf1ac2c2e67b39fa359f
P515,67bfed4a6c0630c5f857b23e
P516,67c045fa5074c5500ca40e76
P517,67c1db0fa06fef84ebd4675b
P518,67c47950cc576a988bc78e4b
P519,67caa7fe00179edfb74d3e1a
P520,67d83bf3b00663d7674f822d
P521,67d95269b47464c18da766ca
P522,67d9815c22d7594f00bd8280
P523,67e523946bd6407f4c613472
P524,67eb7c196a58ed079f200d2e
P525,67f789ca382e36a759a011af
P526,682ebaf70a245a1e275337a3
P527,68e62d3aa1f9e2019e33e08f
P528,68e686aa63c9d127e4717997
P529,6980821cbc073b743d161375
P530,6980afa2e87af1a5046c141f
P531,6981235b0c20ff3db456df9a
P532,6989ba7c91d6ab4d764fe0d6
P533,698a14103fb0fbea3c047cf6
P534,6994c0c96df19159622d6e63
P535,699853435909935d580271cc
P536,69a5dfa3f587ca27e1caf19d
P537,69d4595c0d4b80c214de75bc
P538,69dd6ad13b039a859ddf8d61
P539,69e8e888754aadd9eba2cc22
P540,69f101ba2c3196104e29a359
P541,69fcceb2235bd64ee9d677f6
P542,6a0b7f756d6c72a9807cb508
P543,6a11d3fab86c676b811970e6
P544,6a1c18f0e6d396f77511a63a
P545,6a1c4924e188d536c8712e35
P546,6a1d42e0cf6fe51400b19877
P547,6a21db4a2f278238cb18e670
P548,6a3813ebf78830b7363a07e2
P549,6a5f29f7907c1081115ee26a
P550,5fff7878ca36d40be135f19d
P551,602b981a69d3542d219a442c
P552,60a252db049918aa001fe65a
P553,611450f477b323832c3d9bb7
P554,61655d53d3534630131522c3
P555,65fadedad737be57cd91c61f
P556,65feaaac53eb219f09ad5ea0
P557,6630ee71ccc9991a3f9cc94c
P558,6659f85d09028a56defcce04
P559,6697c19cf4468e7be8305c16
P560,66b384d9d37e247afee7a11e
P561,66d5b779fc6befdda85afb80
P562,672141588527d13a429b0f46
P563,673512a535a39ee804a1a537
P564,678b955998db06a51ad68305
P565,67c1dd323984fa84ae83e162
P566,67c86294ea28012b85b850e2
P567,67f2e613c09bbf379bd208ea
P568,68e564c05106a0b350f0ca7b
P569,6966a2f7546840bf7736d2cf
P570,697071367389ff41f28c0e87
P571,6977b75106416a75e5e4053b
P572,697a6b2726e4643a19211476
P573,697cbe3727b580a7be26bd51
P574,697d226d285e44a611f3e8ac
P575,697e5241da20a44b46dac0e7
P576,6980846f1dd11feaa1a413f3
P577,69809ea403b191e603615a60
P578,6980d6c19c4ef0e74407a575
P579,698223f6c0445708125ba003
P580,6983b11bcd7142d537b69f4b
P581,6984df69583cf5f1ae4f9490
P582,698bd24de3ffbee0bb15f5a9
P583,69d64b03e9555165634639ab
P584,69ee03ba3adaa5769890bd46
P585,69ffa808e93cf482f4829587
P586,6a0f2231aa9cf7945dda9d9d
P587,6a204dfb5af91097b071af99
P588,6a5f4f27f15b53efaf91673e
P589,555
P590,5b3e2334cdb4ce0001d93c51
P591,5b7aefd06c1ccb000178b710
P592,5eaf3e142627076426921b1bgjjj
P593,5eaf3e142627076426921b1bjkk
P594,5eaf3e142627076426921b1bnj
P595,5f4d4f3a2059689f1a2c33db
P596,5f68f02c41716709ee9be42d
P597,5f8893a5e2f88a04b1833278
P598,5fd9498a19d5314366721db9
P599,5ff3d64ce14422a059eaac63
P600,6064c3a336824475868018a6
P601,6101dfd623c9f6373a3aa21a
P602,6130e818a0ab404bcee5b876
P603,628659ea075d4865abe74f6a
P604,62b0702670857c45c05cdc4f
P605,65968cc09a29fb117cecbae6
P606,65ee5dd9d4b632b7fb7a494c
P607,6650d30d4396f10c42cd6503
P608,6672f90bec3bcf47c745e030
P609,66afcddbb0524a0e854e534f
P610,66b1d733bdd6068a179dfcf8
P611,66b8ffcab6a358181e9865cc
P612,66cc137f073f23ebb094c775
P613,6734f1c203f8352bd2ebeaab
P614,676db62f32e1cf90b30c4c47
P615,67be1bb55b38ba548bc61b21
P616,67de1be044766c04dc23ee48
P617,695fd5e7dd1ecd302cfaeb9a
P618,69698335147981b2d99de91c
P619,6972c01f3d2a352ead06527e
P620,697b787063efb5bf7c290475
P621,697bf465ff855c480b5bd16e
P622,697cc15d41738c004f2dc3dd
P623,697cdb6d3a98437300f7e337
P624,697cebb4e8a6ea60cc48f972
P625,6981f040917523343fb144ad
P626,6982c1bcc995ccebba7ca0fa
P627,69837f2e863bebf7faefcdcc
P628,698b2576ac15e2c579993b4f
P629,698f8b79037b80fc5bc008ae
P630,698fa97863b3e779fd3a57f7
P631,69a99a411a80033339816d6c
P632,69ab04c8d8d7d94da9a2bb26
P633,69b14222c3c10742ddcd4549
P634,69b89db89477b8092b72dfb6
P635,69c077519c6bb1fb8f8d3604
P636,69cacde3ab43febbc9772713
P637,69e9206530a779f99ad5346d
P638,69f1e87b26c0a79106a18251
P639,69f50099676d8918d3971b9d
P640,69f78eb984662ec3a52ea57e
P641,69f998db6e163869ea1c1762
P642,69f9df91a02f3d821106a123
P643,69fbcdd14a2532b420384fa6
P644,69fd21877e7269d1c8b0c8f8
P645,69ff93b104e586b42d8ca43b
P646,6a008ae71849008bffcaa298
P647,6a02b9f36b9cb12b733d16f2
P648,6a036df6626a2eefbba97c5e
P649,6a03901993c227266569b433
P650,6a03e9d5a758c02774aeeed0
P651,6a04ddb6e540aaec6e746a18
P652,6a0508745a1caa269c3c2938
P653,6a05d66e9532ea441b9fea99
P654,6a0620d9324d4f60c28bd377
P655,6a0632eaaddb60fc1d2b8491
P656,6a063854edc25e19198660da
P657,6a063f4cf4133420d6db72e1
P658,6a0678232b4300cc4103c2d2
P659,6a0f6d3f59a97b9e1524dd02
P660,6a14b17428f7e460fcefbed2
P661,6a1c12ac13ae382b91294990
P662,6a1d88632b54fc21c2e0cc05
P663,6a20f88afc3d45adfdf4ae34
P664,6a2348b95f0d68393db4f588
P665,6a46c3cd4aa8a60cd82c4ef9
P666,6a74fce9ac7a81b58751f7f5
P667,6a7506a8a0fbef5a384ef224
P668,6a763e684934b0b253c5684d
P669,6a77e8877d3079c5c7dc2785
P670,6a7986d159c06a26f6395fe6
P671,6a7ae0ed448dc812d6238f0a
P672,yety
